{
  "id": "custom-colours-redux",
  "title": "Custom Colours Redux",
  "version": "1.0.6",
  "compatibility": {
    "minimum": "13",
    "verified": "13"
  },
  "description": "<p>Change the colors of roll outcome results in chat</p>",
  "authors": [
    {
      "name": "Michael :D",
      "email": "",
      "flags": {}
    }
  ],
  "esmodules": [
    "scripts/chat-colors.js"
  ],
  "styles": [
    "styles/chat-colors.css"
  ],
  "flags": {
    "canUpload": true
  },
  "manifest": "https://vishkanu.github.io/custom_colours_redux/module.json",
  "download": "https://vishkanu.github.io/custom_colours_redux/custom-colours-redux.zip",
  "readme": "https://vishkanu.github.io/custom_colours_redux/README.md"
}
